{
  "project_info": {
    "project_number": "87512842983",
    "project_id": "tfav2-f4641",
    "storage_bucket": "tfav2-f4641.appspot.com"
  },
  "client": [
    {
      "client_info": {
        "mobilesdk_app_id": "1:87512842983:android:b7af8e0a5d248faa305842",
        "android_client_info": {
          "package_name": "com.example.tfav2"
        }
      },
      "oauth_client": [],
      "api_key": [
        {
          "current_key": "AIzaSyCAJpQ3Y01Rivp4Kolyb0pYKh5a2fJfxw8"
        }
      ],
      "services": {
        "appinvite_service": {
          "other_platform_oauth_client": []
        }
      }
    }
  ],
  "configuration_version": "1"
}